LivroID,Titulo,Autor
1,Livro 1,Autor 1
2,Livro 2,Autor 2
3,Livro 3,Autor 3
4,Livro 4,Autor 4
5,Livro 5,Autor 5
6,Livro 6,Autor 6
7,Livro 7,Autor 7
8,Livro 8,Autor 8
9,Livro 9,Autor 9
10,Livro 10,Autor 10
11,Livro 11,Autor 1
12,Livro 12,Autor 2
13,Livro 13,Autor 3
14,Livro 14,Autor 4
15,Livro 15,Autor 5
16,Livro 16,Autor 6
17,Livro 17,Autor 7
18,Livro 18,Autor 8
19,Livro 19,Autor 9
20,Livro 20,Autor 10
21,Livro 21,Autor 1
22,Livro 22,Autor 2
23,Livro 23,Autor 3
24,Livro 24,Autor 4
25,Livro 25,Autor 5
26,Livro 26,Autor 6
27,Livro 27,Autor 7
28,Livro 28,Autor 8
29,Livro 29,Autor 9
30,Livro 30,Autor 10
31,Livro 31,Autor 1
32,Livro 32,Autor 2
33,Livro 33,Autor 3
34,Livro 34,Autor 4
35,Livro 35,Autor 5
36,Livro 36,Autor 6
37,Livro 37,Autor 7
38,Livro 38,Autor 8
39,Livro 39,Autor 9
40,Livro 40,Autor 10
41,Livro 41,Autor 1
42,Livro 42,Autor 2
43,Livro 43,Autor 3
44,Livro 44,Autor 4
45,Livro 45,Autor 5
46,Livro 46,Autor 6
47,Livro 47,Autor 7
48,Livro 48,Autor 8
49,Livro 49,Autor 9
50,Livro 50,Autor 10
51,Livro 51,Autor 1
52,Livro 52,Autor 2
53,Livro 53,Autor 3
54,Livro 54,Autor 4
55,Livro 55,Autor 5
56,Livro 56,Autor 6
57,Livro 57,Autor 7
58,Livro 58,Autor 8
59,Livro 59,Autor 9
60,Livro 60,Autor 10
61,Livro 61,Autor 1
62,Livro 62,Autor 2
63,Livro 63,Autor 3
64,Livro 64,Autor 4
65,Livro 65,Autor 5
66,Livro 66,Autor 6
67,Livro 67,Autor 7
68,Livro 68,Autor 8
69,Livro 69,Autor 9
70,Livro 70,Autor 10
71,Livro 71,Autor 1
72,Livro 72,Autor 2
73,Livro 73,Autor 3
74,Livro 74,Autor 4
75,Livro 75,Autor 5
76,Livro 76,Autor 6
77,Livro 77,Autor 7
78,Livro 78,Autor 8
79,Livro 79,Autor 9
80,Livro 80,Autor 10
81,Livro 81,Autor 1
82,Livro 82,Autor 2
83,Livro 83,Autor 3
84,Livro 84,Autor 4
85,Livro 85,Autor 5
86,Livro 86,Autor 6
87,Livro 87,Autor 7
88,Livro 88,Autor 8
89,Livro 89,Autor 9
90,Livro 90,Autor 10
91,Livro 91,Autor 1
92,Livro 92,Autor 2
93,Livro 93,Autor 3
94,Livro 94,Autor 4
95,Livro 95,Autor 5
96,Livro 96,Autor 6
97,Livro 97,Autor 7
98,Livro 98,Autor 8
99,Livro 99,Autor 9
100,Livro 100,Autor 10
