UsuarioID,Nome
1,Usuario 1
2,Usuario 2
3,Usuario 3
4,Usuario 4
5,Usuario 5
6,Usuario 6
7,Usuario 7
8,Usuario 8
9,Usuario 9
10,Usuario 10
11,Usuario 11
12,Usuario 12
13,Usuario 13
14,Usuario 14
15,Usuario 15
16,Usuario 16
17,Usuario 17
18,Usuario 18
19,Usuario 19
20,Usuario 20
21,Usuario 21
22,Usuario 22
23,Usuario 23
24,Usuario 24
25,Usuario 25
26,Usuario 26
27,Usuario 27
28,Usuario 28
29,Usuario 29
30,Usuario 30
31,Usuario 31
32,Usuario 32
33,Usuario 33
34,Usuario 34
35,Usuario 35
36,Usuario 36
37,Usuario 37
38,Usuario 38
39,Usuario 39
40,Usuario 40
41,Usuario 41
42,Usuario 42
43,Usuario 43
44,Usuario 44
45,Usuario 45
46,Usuario 46
47,Usuario 47
48,Usuario 48
49,Usuario 49
50,Usuario 50
51,Usuario 51
52,Usuario 52
53,Usuario 53
54,Usuario 54
55,Usuario 55
56,Usuario 56
57,Usuario 57
58,Usuario 58
59,Usuario 59
60,Usuario 60
61,Usuario 61
62,Usuario 62
63,Usuario 63
64,Usuario 64
65,Usuario 65
66,Usuario 66
67,Usuario 67
68,Usuario 68
69,Usuario 69
70,Usuario 70
71,Usuario 71
72,Usuario 72
73,Usuario 73
74,Usuario 74
75,Usuario 75
76,Usuario 76
77,Usuario 77
78,Usuario 78
79,Usuario 79
80,Usuario 80
81,Usuario 81
82,Usuario 82
83,Usuario 83
84,Usuario 84
85,Usuario 85
86,Usuario 86
87,Usuario 87
88,Usuario 88
89,Usuario 89
90,Usuario 90
91,Usuario 91
92,Usuario 92
93,Usuario 93
94,Usuario 94
95,Usuario 95
96,Usuario 96
97,Usuario 97
98,Usuario 98
99,Usuario 99
100,Usuario 100
